https://docs.flutter.dev,Docs | Flutter
https://docs.flutter.dev/cookbook/networking/background-parsing,Parse JSON in the background | Flutter
https://docs.flutter.dev/ui/adaptive-responsive/input,User input & accessibility | Flutter
https://docs.flutter.dev/cookbook/lists/spaced-items,List with spaced items | Flutter
https://docs.flutter.dev/platform-integration/ios/launch-screen,Launch screen | Flutter
https://docs.flutter.dev/resources/architectural-overview,Flutter architectural overview | Flutter
https://docs.flutter.dev/ui/adaptive-responsive/best-practices,Best practices | Flutter
https://docs.flutter.dev/cookbook/networking/update-data,Update data over the internet | Flutter
https://docs.flutter.dev/platform-integration/android/install-android,Set up Android development | Flutter
https://docs.flutter.dev/deployment/cd,Continuous delivery with Flutter | Flutter
